event_name,category,city,country,year,venue_name,attendance,duration_days,ticket_price_early_bird,ticket_price_standard,ticket_price_vip,sponsors,speakers,communities_promoted,total_revenue_inr
AI Summit Delhi 2024,AI/ML,New Delhi,India,2024,Pragati Maidan,2200,2,1999,3999,9999,Google|Microsoft|AWS,Andrew Ng|Fei-Fei Li|Apoorv Saxena,LinkedIn AI India|Kaggle India,10500000
DevOps India Meetup 2024,DevOps / Cloud,Pune,India,2024,Symbiosis Auditorium,600,1,999,1499,3999,GitHub|Docker|Atlassian,Kelsey Hightower|Bret Fisher,DevOps India Slack|LinkedIn Cloud India,900000
FinTech Nexus India 2024,Fintech,Mumbai,India,2024,JW Marriott Mumbai,2000,2,3999,6999,15999,Visa|Mastercard|Paytm,Vijay Shekhar Sharma|Nandan Nilekani,Fintech India|LinkedIn Finance India,15000000
Web3 Connect 2024,Web3 / Blockchain,Bangalore,India,2024,KTPO Whitefield,900,2,2999,4999,11999,Polygon|Solana|CoinDCX,Sandeep Nailwal|Balaji Srinivasan,Crypto India Discord|Web3 India Telegram,6500000
Cloud Native Conf 2024,DevOps / Cloud,Hyderabad,India,2024,HICC,1200,2,1999,3499,8999,Red Hat|AWS|Google Cloud,Kelsey Hightower|Liz Rice,CNCF India|LinkedIn Cloud India,5200000
Data Science Congress 2024,AI/ML,Bangalore,India,2024,IISc Auditorium,1800,2,2499,4499,10999,NVIDIA|Databricks|Snowflake,Lex Fridman|Soumith Chintala,Kaggle India|Analytics Vidhya,8800000
Startup Growth Summit 2024,Startup,Delhi,India,2024,Leela Ambience,1500,1,2999,4999,12999,Sequoia|Accel|YCombinator,Ritesh Agarwal|Deepinder Goyal,Startup India|LinkedIn Founders,7200000
CyberSec India Expo 2024,Cybersecurity,Bangalore,India,2024,Palace Grounds,1300,2,1999,3499,8999,Fortinet|Palo Alto|Cisco,Bruce Schneier|Kevin Mitnick,ISACA India|CyberSec Discord,5800000
EdTech Future 2024,Edtech,Pune,India,2024,Balewadi Stadium,800,1,999,1999,5999,Byju's|Unacademy|Coursera,Gaurav Munjal|Roman Saini,EdTech India|LinkedIn Learning,2100000
Green Energy Summit 2024,ClimateTech,Ahmedabad,India,2024,Gandhinagar Convention Centre,700,1,1499,2499,6999,Tata Power|Adani Green|ReNew Power,Anand Mahindra|Sunita Narain,Climate India|EV Forum,2500000
HealthTech Connect 2024,Healthtech,Bangalore,India,2024,Manipal Auditorium,900,1,1999,2999,7999,Apollo|Practo|Cipla,Sangita Reddy|Shashank ND,HealthTech India|Docplexus,3600000
AI Builders Meetup 2024,AI/ML,Hyderabad,India,2024,T-Hub,500,1,0,999,2999,Microsoft|OpenAI|Google,Ilya Sutskever|Sam Altman,AI Builders India|Discord AI,900000
Cloud Expo India 2024,DevOps / Cloud,Chennai,India,2024,Chennai Trade Centre,1100,2,1999,3499,8999,AWS|Azure|Google Cloud,Werner Vogels|Mark Russinovich,Cloud India|LinkedIn DevOps,4700000
Blockchain Bharat 2024,Web3 / Blockchain,Delhi,India,2024,India Habitat Centre,600,2,2999,4999,11999,Binance|Polygon|Alchemy,Nischal Shetty|Sandeep Nailwal,Crypto India|Telegram Blockchain,4200000
SaaS India Summit 2024,Startup,Chennai,India,2024,ITC Grand Chola,1300,2,3999,6999,14999,Freshworks|Zoho|HubSpot,Girish Mathrubootham|Sridhar Vembu,SaaSBOOMi|LinkedIn SaaS,9800000
Data Engineering Conf 2024,AI/ML,Bangalore,India,2024,Whitefield Convention Centre,1400,2,2499,4499,9999,Databricks|Snowflake|AWS,Martin Kleppmann|Maxime Beauchemin,Data Engineering India|LinkedIn Data,7900000
Digital Marketing Fest 2024,Marketing,Mumbai,India,2024,Grand Hyatt Mumbai,1000,1,1999,2999,7999,Google Ads|Meta|HubSpot,Neil Patel|Sorav Jain,Marketing India|LinkedIn Ads,3500000
XR India Expo 2024,AR/VR,Hyderabad,India,2024,HITEX,800,2,1999,3499,8999,Meta|HTC Vive|Unity,John Carmack|Palmer Luckey,XR India|Discord VR,3900000
Gaming India Summit 2024,Gaming,Bangalore,India,2024,KTPO Whitefield,1200,2,1499,2999,6999,Steam|Epic Games|NVIDIA,Gabe Newell|Tim Sweeney,Gaming India|Discord Gamers,4200000
Robotics Expo India 2024,Robotics,Pune,India,2024,COEP Ground,900,2,1999,3499,8999,Boston Dynamics|ABB|KUKA,Marc Raibert|Rodney Brooks,Robotics India|IEEE Robotics,4100000
event_name,category,city,country,year,venue_name,attendance,duration_days,ticket_price_early_bird,ticket_price_standard,ticket_price_vip,sponsors,speakers,communities_promoted,total_revenue_inr
Tech Event 1 2024,Edtech,Chennai,India,2024,Chennai Hotel Ballroom,478,3,2499,3499,8499,Cisco|Microsoft|Polygon|AWS,Andrew Ng|Fei-Fei Li|Sundar Pichai,DevOps India|AI India|Crypto India,1672522
Tech Event 2 2024,Marketing,Pune,India,2024,Pune Expo Hall,2688,3,2499,3999,6999,AWS|Google|Cisco|Snowflake,Sundar Pichai|Lex Fridman|Sam Altman,LinkedIn Tech|Kaggle India|Crypto India,10749312
Tech Event 3 2024,DevOps / Cloud,Chennai,India,2024,Chennai Auditorium,850,2,2499,2999,5999,AWS|Cisco|Databricks|Intel,Kelsey Hightower|Martin Kleppmann|Sundar Pichai,Crypto India|DevOps India|Discord Devs,2549150
Tech Event 4 2024,DevOps / Cloud,Delhi,India,2024,Delhi Tech Park,4087,3,2999,4499,9499,Oracle|Cisco|Microsoft|IBM,Martin Kleppmann|Nandan Nilekani|Fei-Fei Li,DevOps India|Startup India|Discord Devs,18387413
Tech Event 5 2024,Cybersecurity,Chennai,India,2024,Chennai Hotel Ballroom,3448,2,2499,4499,7499,Intel|Meta|Oracle|Databricks,Fei-Fei Li|Sam Altman|Nandan Nilekani,Discord Devs|DevOps India|Startup India,15512552
Tech Event 6 2024,Fintech,Hyderabad,India,2024,Hyderabad Tech Park,3161,1,1999,2499,7499,NVIDIA|Google|IBM|Meta,Martin Kleppmann|Andrew Ng|Lex Fridman,AI India|DevOps India|LinkedIn Tech,7899339
Tech Event 7 2024,Gaming,Chennai,India,2024,Chennai Convention Centre,2850,3,1999,3499,8499,Databricks|Meta|Polygon|Google,Sam Altman|Kelsey Hightower|Lex Fridman,Startup India|Kaggle India|DevOps India,9972150
Tech Event 8 2024,ClimateTech,Chennai,India,2024,Chennai Convention Centre,4828,2,1499,2999,5999,AWS|Cisco|Microsoft|IBM,Sundar Pichai|Kelsey Hightower|Martin Kleppmann,Crypto India|LinkedIn Tech|AI India,14479172
Tech Event 9 2024,Fintech,Hyderabad,India,2024,Hyderabad Convention Centre,3511,3,999,1499,4499,AWS|Databricks|Polygon|Oracle,Martin Kleppmann|Fei-Fei Li|Sam Altman,LinkedIn Tech|Startup India|Kaggle India,5262989
Tech Event 10 2024,Robotics,Mumbai,India,2024,Mumbai Convention Centre,461,3,2999,3499,8499,Google|IBM|AWS|Polygon,Sam Altman|Lex Fridman|Martin Kleppmann,Crypto India|Discord Devs|AI India,1613039
Tech Event 11 2024,Startup,Mumbai,India,2024,Mumbai Hotel Ballroom,2086,1,999,1499,6499,Polygon|Snowflake|AWS|Databricks,Andrew Ng|Nandan Nilekani|Martin Kleppmann,AI India|Startup India|Crypto India,3126914
Tech Event 12 2024,Gaming,Mumbai,India,2024,Mumbai Expo Hall,3480,3,999,1999,4999,Google|Microsoft|Meta|Intel,Fei-Fei Li|Nandan Nilekani|Martin Kleppmann,Crypto India|Kaggle India|LinkedIn Tech,6956520
Tech Event 13 2024,Healthtech,Bangalore,India,2024,Bangalore Tech Park,1578,3,0,1000,9000,Polygon|Intel|Oracle|Meta,Fei-Fei Li|Lex Fridman|Martin Kleppmann,LinkedIn Tech|Kaggle India|DevOps India,1578000
Tech Event 14 2024,DevOps / Cloud,Pune,India,2024,Pune Tech Park,2047,3,1999,3499,6499,Meta|NVIDIA|Google|Cisco,Kelsey Hightower|Lex Fridman|Fei-Fei Li,DevOps India|Startup India|Crypto India,7162453
Tech Event 15 2024,ClimateTech,Delhi,India,2024,Delhi Auditorium,606,1,2499,2999,10999,Intel|Oracle|Google|AWS,Andrew Ng|Martin Kleppmann|Fei-Fei Li,DevOps India|Crypto India|AI India,1817394
Tech Event 16 2024,DevOps / Cloud,Mumbai,India,2024,Mumbai Auditorium,2656,1,999,2499,10499,AWS|Microsoft|Snowflake|Meta,Nandan Nilekani|Andrew Ng|Martin Kleppmann,DevOps India|Startup India|LinkedIn Tech,6637344
Tech Event 17 2024,Robotics,Kolkata,India,2024,Kolkata Expo Hall,2839,3,0,1000,6000,Microsoft|Meta|Polygon|Cisco,Fei-Fei Li|Martin Kleppmann|Nandan Nilekani,LinkedIn Tech|Kaggle India|DevOps India,2839000
Tech Event 18 2024,Edtech,Bangalore,India,2024,Bangalore Auditorium,4137,1,1999,2999,10999,NVIDIA|Meta|IBM|Google,Martin Kleppmann|Kelsey Hightower|Sundar Pichai,AI India|Crypto India|Kaggle India,12406863
Tech Event 19 2024,Startup,Ahmedabad,India,2024,Ahmedabad Hotel Ballroom,1772,2,0,1500,9500,Microsoft|Google|Cisco|Databricks,Sam Altman|Lex Fridman|Kelsey Hightower,LinkedIn Tech|Discord Devs|Startup India,2658000
Tech Event 20 2024,Marketing,Chennai,India,2024,Chennai Expo Hall,2615,2,2999,3999,8999,Databricks|IBM|NVIDIA|Intel,Sam Altman|Kelsey Hightower|Lex Fridman,DevOps India|Discord Devs|LinkedIn Tech,10457385
Tech Event 21 2024,Edtech,Ahmedabad,India,2024,Ahmedabad Tech Park,3697,1,1999,2499,7499,Oracle|IBM|Cisco|Google,Lex Fridman|Martin Kleppmann|Kelsey Hightower,DevOps India|AI India|Discord Devs,9238803
Tech Event 22 2024,AI/ML,Mumbai,India,2024,Mumbai Auditorium,3329,3,999,1999,6999,Databricks|IBM|Cisco|Polygon,Lex Fridman|Kelsey Hightower|Andrew Ng,Crypto India|Discord Devs|Kaggle India,6654671
Tech Event 23 2024,AR/VR,Hyderabad,India,2024,Hyderabad Tech Park,3104,1,2499,4499,9499,Snowflake|Databricks|Oracle|Microsoft,Kelsey Hightower|Fei-Fei Li|Lex Fridman,DevOps India|Kaggle India|LinkedIn Tech,13964896
Tech Event 24 2024,Marketing,Bangalore,India,2024,Bangalore Auditorium,1195,3,1999,2999,5999,Google|NVIDIA|Snowflake|Meta,Kelsey Hightower|Nandan Nilekani|Sam Altman,AI India|Startup India|LinkedIn Tech,3583805
Tech Event 25 2024,Edtech,Chennai,India,2024,Chennai Expo Hall,2358,1,0,2000,5000,AWS|Cisco|Snowflake|IBM,Andrew Ng|Martin Kleppmann|Nandan Nilekani,Discord Devs|AI India|LinkedIn Tech,4716000
Tech Event 26 2024,ClimateTech,Kolkata,India,2024,Kolkata Tech Park,1538,2,1499,1999,4999,NVIDIA|Cisco|Databricks|Intel,Lex Fridman|Andrew Ng|Kelsey Hightower,DevOps India|Crypto India|Discord Devs,3074462
Tech Event 27 2024,Startup,Bangalore,India,2024,Bangalore Tech Park,1499,3,999,1499,6499,Oracle|Intel|Cisco|NVIDIA,Fei-Fei Li|Nandan Nilekani|Lex Fridman,Discord Devs|Kaggle India|Crypto India,2247001
Tech Event 28 2024,Web3 / Blockchain,Delhi,India,2024,Delhi Auditorium,2175,2,999,1999,9999,Intel|Google|Polygon|Snowflake,Andrew Ng|Sundar Pichai|Martin Kleppmann,Crypto India|Startup India|AI India,4347825
Tech Event 29 2024,Edtech,Chennai,India,2024,Chennai Auditorium,3420,1,2499,2999,10999,Polygon|Snowflake|Cisco|Meta,Lex Fridman|Kelsey Hightower|Nandan Nilekani,Crypto India|DevOps India|Discord Devs,10256580
Tech Event 30 2024,Marketing,Hyderabad,India,2024,Hyderabad Expo Hall,3633,3,2999,3999,8999,Databricks|Snowflake|Intel|Oracle,Lex Fridman|Andrew Ng|Fei-Fei Li,Crypto India|Discord Devs|Kaggle India,14528367
Tech Event 31 2024,Robotics,Bangalore,India,2024,Bangalore Convention Centre,1410,1,999,1999,6999,Snowflake|Microsoft|AWS|Google,Sam Altman|Fei-Fei Li|Kelsey Hightower,Kaggle India|AI India|Discord Devs,2818590
Tech Event 32 2024,Cybersecurity,Mumbai,India,2024,Mumbai Tech Park,4953,1,0,1000,9000,NVIDIA|Microsoft|Oracle|Snowflake,Lex Fridman|Martin Kleppmann|Kelsey Hightower,Discord Devs|Kaggle India|LinkedIn Tech,4953000
Tech Event 33 2024,Gaming,Ahmedabad,India,2024,Ahmedabad Hotel Ballroom,4026,3,2499,3999,11999,AWS|Snowflake|IBM|Oracle,Kelsey Hightower|Sam Altman|Fei-Fei Li,Kaggle India|AI India|Discord Devs,16099974
Tech Event 34 2024,Marketing,Kolkata,India,2024,Kolkata Hotel Ballroom,651,1,1999,3999,6999,Snowflake|NVIDIA|Polygon|Meta,Fei-Fei Li|Kelsey Hightower|Sundar Pichai,LinkedIn Tech|DevOps India|Discord Devs,2603349
Tech Event 35 2024,Marketing,Hyderabad,India,2024,Hyderabad Auditorium,4843,3,0,500,3500,Google|NVIDIA|Meta|Databricks,Nandan Nilekani|Sam Altman|Fei-Fei Li,LinkedIn Tech|Kaggle India|Startup India,2421500
Tech Event 36 2024,Healthtech,Bangalore,India,2024,Bangalore Hotel Ballroom,1235,1,2999,3999,6999,Meta|Cisco|Google|Polygon,Nandan Nilekani|Kelsey Hightower|Sundar Pichai,LinkedIn Tech|Startup India|Crypto India,4938765
Tech Event 37 2024,Gaming,Kolkata,India,2024,Kolkata Tech Park,338,1,1499,3499,6499,Microsoft|Oracle|Polygon|Cisco,Kelsey Hightower|Sam Altman|Sundar Pichai,Startup India|Crypto India|Kaggle India,1182662
Tech Event 38 2024,ClimateTech,Mumbai,India,2024,Mumbai Expo Hall,2423,2,2999,3999,11999,Microsoft|Snowflake|Cisco|IBM,Andrew Ng|Nandan Nilekani|Kelsey Hightower,Discord Devs|LinkedIn Tech|AI India,9689577
Tech Event 39 2024,Marketing,Bangalore,India,2024,Bangalore Hotel Ballroom,3321,3,1499,1999,9999,AWS|NVIDIA|Meta|Databricks,Fei-Fei Li|Martin Kleppmann|Nandan Nilekani,LinkedIn Tech|Startup India|Crypto India,6638679
Tech Event 40 2024,Web3 / Blockchain,Ahmedabad,India,2024,Ahmedabad Hotel Ballroom,4230,2,2499,3999,6999,Polygon|Meta|IBM|Google,Kelsey Hightower|Nandan Nilekani|Sundar Pichai,LinkedIn Tech|Kaggle India|DevOps India,16915770
Tech Event 41 2024,Startup,Kolkata,India,2024,Kolkata Auditorium,3092,2,999,2499,5499,Microsoft|Oracle|Databricks|Google,Lex Fridman|Kelsey Hightower|Sundar Pichai,Kaggle India|DevOps India|AI India,7726908
Tech Event 42 2024,Startup,Hyderabad,India,2024,Hyderabad Convention Centre,843,3,1499,3499,8499,IBM|Cisco|Meta|Microsoft,Andrew Ng|Sam Altman|Fei-Fei Li,AI India|Startup India|Discord Devs,2949657
Tech Event 43 2024,ClimateTech,Hyderabad,India,2024,Hyderabad Tech Park,1991,3,1999,3499,11499,Microsoft|Polygon|AWS|Intel,Fei-Fei Li|Nandan Nilekani|Andrew Ng,Crypto India|Kaggle India|AI India,6966509
Tech Event 44 2024,Marketing,Pune,India,2024,Pune Auditorium,4479,3,1999,2499,10499,Cisco|Intel|Databricks|Snowflake,Sam Altman|Martin Kleppmann|Fei-Fei Li,Crypto India|DevOps India|Discord Devs,11193021
Tech Event 45 2024,Gaming,Mumbai,India,2024,Mumbai Hotel Ballroom,2438,2,2499,3999,6999,Oracle|Intel|IBM|Microsoft,Lex Fridman|Andrew Ng|Martin Kleppmann,DevOps India|LinkedIn Tech|AI India,9749562
Tech Event 46 2024,Startup,Hyderabad,India,2024,Hyderabad Convention Centre,671,2,1499,2499,7499,Snowflake|Oracle|Databricks|Intel,Andrew Ng|Nandan Nilekani|Kelsey Hightower,DevOps India|Startup India|AI India,1676829
Tech Event 47 2024,Web3 / Blockchain,Hyderabad,India,2024,Hyderabad Tech Park,3789,1,1499,2499,5499,IBM|Google|Snowflake|Cisco,Fei-Fei Li|Sam Altman|Nandan Nilekani,AI India|Discord Devs|Startup India,9468711
Tech Event 48 2024,Gaming,Mumbai,India,2024,Mumbai Expo Hall,588,3,1999,2499,5499,Polygon|Intel|Cisco|Snowflake,Fei-Fei Li|Andrew Ng|Sundar Pichai,Crypto India|Kaggle India|Startup India,1469412
Tech Event 49 2024,Fintech,Mumbai,India,2024,Mumbai Expo Hall,3962,2,2999,3999,6999,NVIDIA|Microsoft|Meta|Google,Martin Kleppmann|Sam Altman|Fei-Fei Li,Kaggle India|Startup India|AI India,15844038
Tech Event 50 2024,Fintech,Bangalore,India,2024,Bangalore Tech Park,2694,2,999,2499,10499,IBM|Google|Meta|Oracle,Fei-Fei Li|Lex Fridman|Andrew Ng,Startup India|Crypto India|LinkedIn Tech,6732306
Tech Event 51 2024,Healthtech,Mumbai,India,2024,Mumbai Expo Hall,2858,2,1999,3999,8999,Polygon|Google|Databricks|Snowflake,Nandan Nilekani|Sam Altman|Kelsey Hightower,Crypto India|Discord Devs|LinkedIn Tech,11429142
Tech Event 52 2024,Gaming,Pune,India,2024,Pune Expo Hall,3747,1,1999,3999,11999,IBM|Microsoft|Cisco|Google,Lex Fridman|Sundar Pichai|Andrew Ng,Crypto India|DevOps India|Discord Devs,14984253
Tech Event 53 2024,Marketing,Mumbai,India,2024,Mumbai Tech Park,3748,2,2499,4499,9499,Meta|Snowflake|Microsoft|Databricks,Fei-Fei Li|Nandan Nilekani|Lex Fridman,Discord Devs|AI India|Startup India,16862252
Tech Event 54 2024,DevOps / Cloud,Bangalore,India,2024,Bangalore Hotel Ballroom,2612,3,999,1999,4999,Polygon|Google|Snowflake|Databricks,Sundar Pichai|Sam Altman|Lex Fridman,Crypto India|LinkedIn Tech|Discord Devs,5221388
Tech Event 55 2024,Startup,Kolkata,India,2024,Kolkata Auditorium,4322,2,0,1500,4500,Intel|Cisco|Polygon|Meta,Sundar Pichai|Kelsey Hightower|Lex Fridman,Discord Devs|AI India|Kaggle India,6483000
Tech Event 56 2024,DevOps / Cloud,Chennai,India,2024,Chennai Convention Centre,2803,2,1499,2999,10999,Google|Cisco|Meta|Databricks,Sundar Pichai|Martin Kleppmann|Sam Altman,Kaggle India|Startup India|Discord Devs,8406197
Tech Event 57 2024,AI/ML,Chennai,India,2024,Chennai Expo Hall,2670,1,2999,4999,9999,Microsoft|Oracle|Google|AWS,Fei-Fei Li|Sundar Pichai|Sam Altman,Crypto India|Kaggle India|AI India,13347330
Tech Event 58 2024,DevOps / Cloud,Kolkata,India,2024,Kolkata Convention Centre,1527,1,1499,2499,10499,Databricks|Polygon|Google|Cisco,Nandan Nilekani|Martin Kleppmann|Sundar Pichai,Crypto India|Discord Devs|AI India,3815973
Tech Event 59 2024,Edtech,Ahmedabad,India,2024,Ahmedabad Convention Centre,2917,2,2999,4999,12999,Intel|Microsoft|Google|Meta,Sam Altman|Andrew Ng|Kelsey Hightower,Discord Devs|Startup India|AI India,14582083
Tech Event 60 2024,Web3 / Blockchain,Delhi,India,2024,Delhi Tech Park,4729,1,2499,3499,6499,Google|Cisco|Databricks|NVIDIA,Kelsey Hightower|Martin Kleppmann|Lex Fridman,DevOps India|LinkedIn Tech|AI India,16546771
Tech Event 61 2024,Web3 / Blockchain,Ahmedabad,India,2024,Ahmedabad Hotel Ballroom,1533,3,2499,4499,12499,Cisco|AWS|Intel|Databricks,Sam Altman|Nandan Nilekani|Fei-Fei Li,Startup India|Crypto India|AI India,6896967
Tech Event 62 2024,Edtech,Pune,India,2024,Pune Auditorium,3518,3,1499,2499,10499,NVIDIA|Snowflake|AWS|Microsoft,Lex Fridman|Fei-Fei Li|Sundar Pichai,Kaggle India|DevOps India|Crypto India,8791482
Tech Event 63 2024,DevOps / Cloud,Bangalore,India,2024,Bangalore Convention Centre,1245,1,2499,3499,11499,NVIDIA|Oracle|Microsoft|Cisco,Fei-Fei Li|Kelsey Hightower|Lex Fridman,Startup India|Crypto India|DevOps India,4356255
Tech Event 64 2024,Startup,Chennai,India,2024,Chennai Tech Park,1718,1,0,1500,4500,Polygon|Snowflake|AWS|NVIDIA,Nandan Nilekani|Lex Fridman|Sundar Pichai,DevOps India|Startup India|LinkedIn Tech,2577000
Tech Event 65 2024,ClimateTech,Kolkata,India,2024,Kolkata Expo Hall,1828,3,2999,3499,11499,Cisco|Polygon|NVIDIA|Intel,Andrew Ng|Lex Fridman|Martin Kleppmann,Crypto India|AI India|Discord Devs,6396172
Tech Event 66 2024,AR/VR,Pune,India,2024,Pune Tech Park,4018,2,1499,3499,11499,Cisco|Snowflake|Microsoft|Google,Kelsey Hightower|Nandan Nilekani|Sundar Pichai,AI India|LinkedIn Tech|Crypto India,14058982
Tech Event 67 2024,AI/ML,Ahmedabad,India,2024,Ahmedabad Hotel Ballroom,1838,1,999,2499,5499,Polygon|Databricks|Oracle|Intel,Sam Altman|Nandan Nilekani|Sundar Pichai,LinkedIn Tech|Startup India|AI India,4593162
Tech Event 68 2024,AI/ML,Pune,India,2024,Pune Convention Centre,4429,3,2999,3499,6499,Intel|Cisco|NVIDIA|Snowflake,Kelsey Hightower|Sundar Pichai|Martin Kleppmann,AI India|DevOps India|Crypto India,15497071
Tech Event 69 2024,Marketing,Delhi,India,2024,Delhi Hotel Ballroom,1514,3,2499,3499,11499,Cisco|Snowflake|AWS|Polygon,Kelsey Hightower|Sundar Pichai|Fei-Fei Li,Startup India|Kaggle India|Discord Devs,5297486
Tech Event 70 2024,Startup,Hyderabad,India,2024,Hyderabad Auditorium,4901,2,2999,4999,7999,Polygon|Meta|Snowflake|IBM,Fei-Fei Li|Andrew Ng|Martin Kleppmann,DevOps India|Crypto India|Startup India,24500099
Tech Event 71 2024,Edtech,Kolkata,India,2024,Kolkata Convention Centre,2091,1,1499,2499,5499,NVIDIA|Intel|Google|Databricks,Kelsey Hightower|Martin Kleppmann|Lex Fridman,Startup India|Kaggle India|AI India,5225409
Tech Event 72 2024,Edtech,Bangalore,India,2024,Bangalore Hotel Ballroom,3249,1,999,2999,7999,AWS|Databricks|Polygon|IBM,Kelsey Hightower|Nandan Nilekani|Lex Fridman,AI India|Discord Devs|Kaggle India,9743751
Tech Event 73 2024,DevOps / Cloud,Ahmedabad,India,2024,Ahmedabad Auditorium,3783,3,2999,4499,7499,Google|Oracle|Intel|Meta,Sam Altman|Kelsey Hightower|Fei-Fei Li,Discord Devs|LinkedIn Tech|AI India,17019717
Tech Event 74 2024,Fintech,Bangalore,India,2024,Bangalore Expo Hall,4814,3,999,2499,10499,Meta|Databricks|AWS|Cisco,Sam Altman|Andrew Ng|Sundar Pichai,DevOps India|Kaggle India|Crypto India,12030186
Tech Event 75 2024,Startup,Hyderabad,India,2024,Hyderabad Expo Hall,4864,2,1999,2499,7499,Polygon|Cisco|NVIDIA|Intel,Fei-Fei Li|Martin Kleppmann|Kelsey Hightower,LinkedIn Tech|AI India|Startup India,12155136
Tech Event 76 2024,Healthtech,Pune,India,2024,Pune Expo Hall,2736,1,0,500,5500,NVIDIA|IBM|Oracle|AWS,Martin Kleppmann|Sam Altman|Sundar Pichai,Discord Devs|Startup India|Kaggle India,1368000
Tech Event 77 2024,Healthtech,Kolkata,India,2024,Kolkata Expo Hall,2947,1,2499,3499,8499,Intel|IBM|Meta|Snowflake,Martin Kleppmann|Fei-Fei Li|Nandan Nilekani,DevOps India|Discord Devs|Startup India,10311553
Tech Event 78 2024,Edtech,Mumbai,India,2024,Mumbai Expo Hall,2139,1,0,500,8500,AWS|Polygon|Meta|Cisco,Sundar Pichai|Lex Fridman|Andrew Ng,Startup India|Discord Devs|DevOps India,1069500
Tech Event 79 2024,Web3 / Blockchain,Delhi,India,2024,Delhi Tech Park,3879,1,1499,1999,6999,Databricks|Microsoft|Polygon|IBM,Martin Kleppmann|Lex Fridman|Sam Altman,Startup India|Crypto India|Kaggle India,7754121
Tech Event 80 2024,Edtech,Mumbai,India,2024,Mumbai Convention Centre,1128,2,1499,2499,5499,Meta|Snowflake|Databricks|Polygon,Martin Kleppmann|Sundar Pichai|Nandan Nilekani,DevOps India|Startup India|LinkedIn Tech,2818872
Tech Event 81 2024,Gaming,Mumbai,India,2024,Mumbai Tech Park,1832,3,2499,2999,7999,Intel|IBM|Polygon|Oracle,Nandan Nilekani|Lex Fridman|Andrew Ng,Startup India|Discord Devs|DevOps India,5494168
Tech Event 82 2024,AR/VR,Kolkata,India,2024,Kolkata Auditorium,1642,2,0,500,8500,Cisco|Google|Polygon|IBM,Fei-Fei Li|Lex Fridman|Sundar Pichai,Kaggle India|DevOps India|Crypto India,821000
Tech Event 83 2024,DevOps / Cloud,Pune,India,2024,Pune Convention Centre,472,1,999,1499,9499,Microsoft|Oracle|Snowflake|Meta,Sam Altman|Lex Fridman|Martin Kleppmann,DevOps India|LinkedIn Tech|Crypto India,707528
Tech Event 84 2024,DevOps / Cloud,Kolkata,India,2024,Kolkata Auditorium,1941,3,1499,2999,7999,Databricks|Google|Oracle|NVIDIA,Kelsey Hightower|Martin Kleppmann|Sam Altman,Discord Devs|Crypto India|LinkedIn Tech,5821059
Tech Event 85 2024,Healthtech,Chennai,India,2024,Chennai Hotel Ballroom,4538,1,999,1999,6999,Cisco|Intel|AWS|Google,Kelsey Hightower|Sam Altman|Andrew Ng,Crypto India|Kaggle India|LinkedIn Tech,9071462
Tech Event 86 2024,DevOps / Cloud,Bangalore,India,2024,Bangalore Tech Park,4009,2,999,1499,6499,Snowflake|AWS|Cisco|Databricks,Martin Kleppmann|Sundar Pichai|Sam Altman,Crypto India|LinkedIn Tech|DevOps India,6009491
Tech Event 87 2024,AR/VR,Delhi,India,2024,Delhi Hotel Ballroom,4117,3,0,500,5500,IBM|NVIDIA|Snowflake|Oracle,Fei-Fei Li|Martin Kleppmann|Andrew Ng,DevOps India|Kaggle India|LinkedIn Tech,2058500
Tech Event 88 2024,AR/VR,Kolkata,India,2024,Kolkata Convention Centre,544,1,999,1499,6499,NVIDIA|Intel|Databricks|Snowflake,Fei-Fei Li|Martin Kleppmann|Sundar Pichai,Crypto India|DevOps India|LinkedIn Tech,815456
Tech Event 89 2024,DevOps / Cloud,Pune,India,2024,Pune Tech Park,4854,1,2499,3499,11499,Snowflake|IBM|Microsoft|Oracle,Nandan Nilekani|Andrew Ng|Lex Fridman,AI India|LinkedIn Tech|Startup India,16984146
Tech Event 90 2024,Healthtech,Delhi,India,2024,Delhi Hotel Ballroom,3997,1,2499,4499,12499,Oracle|NVIDIA|AWS|Intel,Kelsey Hightower|Fei-Fei Li|Nandan Nilekani,LinkedIn Tech|Discord Devs|Kaggle India,17982503
Tech Event 91 2024,Marketing,Chennai,India,2024,Chennai Expo Hall,4712,2,999,1999,4999,Cisco|Microsoft|Oracle|Meta,Lex Fridman|Fei-Fei Li|Andrew Ng,Discord Devs|Kaggle India|Startup India,9419288
Tech Event 92 2024,Healthtech,Pune,India,2024,Pune Expo Hall,4996,2,999,2999,5999,AWS|Intel|Databricks|Cisco,Sam Altman|Lex Fridman|Andrew Ng,Startup India|Crypto India|Discord Devs,14983004
Tech Event 93 2024,Edtech,Ahmedabad,India,2024,Ahmedabad Hotel Ballroom,1259,1,0,500,5500,Microsoft|Intel|NVIDIA|Databricks,Nandan Nilekani|Sam Altman|Fei-Fei Li,AI India|Discord Devs|Startup India,629500
Tech Event 94 2024,DevOps / Cloud,Delhi,India,2024,Delhi Convention Centre,2344,3,999,1499,9499,Snowflake|Cisco|NVIDIA|Polygon,Nandan Nilekani|Fei-Fei Li|Martin Kleppmann,Startup India|Crypto India|Kaggle India,3513656
Tech Event 95 2024,DevOps / Cloud,Chennai,India,2024,Chennai Expo Hall,1025,3,2999,4999,9999,IBM|Oracle|Microsoft|NVIDIA,Sundar Pichai|Sam Altman|Andrew Ng,Startup India|LinkedIn Tech|Kaggle India,5123975
Tech Event 96 2024,Web3 / Blockchain,Delhi,India,2024,Delhi Tech Park,2668,1,1499,1999,9999,Meta|Intel|Databricks|Google,Sam Altman|Andrew Ng|Nandan Nilekani,DevOps India|Crypto India|Kaggle India,5333332
Tech Event 97 2024,Robotics,Ahmedabad,India,2024,Ahmedabad Convention Centre,3670,1,999,1499,9499,NVIDIA|Intel|Polygon|IBM,Martin Kleppmann|Fei-Fei Li|Andrew Ng,Startup India|Kaggle India|AI India,5501330
Tech Event 98 2024,Gaming,Ahmedabad,India,2024,Ahmedabad Hotel Ballroom,495,2,999,2499,5499,Databricks|Meta|IBM|Microsoft,Fei-Fei Li|Andrew Ng|Nandan Nilekani,Discord Devs|Kaggle India|LinkedIn Tech,1237005
Tech Event 99 2024,Robotics,Kolkata,India,2024,Kolkata Auditorium,2136,3,1999,2999,7999,IBM|Microsoft|Meta|Intel,Sundar Pichai|Nandan Nilekani|Sam Altman,DevOps India|Kaggle India|AI India,6405864
Tech Event 100 2024,Healthtech,Ahmedabad,India,2024,Ahmedabad Expo Hall,4538,3,999,1999,9999,AWS|NVIDIA|Cisco|IBM,Kelsey Hightower|Sam Altman|Lex Fridman,AI India|LinkedIn Tech|Startup India,9071462
Tech Event 101 2024,AI/ML,Ahmedabad,India,2024,Ahmedabad Convention Centre,1339,2,2999,4999,7999,Meta|Snowflake|Databricks|Cisco,Andrew Ng|Lex Fridman|Sam Altman,Startup India|AI India|Crypto India,6693661
Tech Event 102 2024,Cybersecurity,Delhi,India,2024,Delhi Convention Centre,766,1,0,1000,4000,Polygon|Databricks|Google|AWS,Martin Kleppmann|Kelsey Hightower|Sundar Pichai,LinkedIn Tech|DevOps India|Discord Devs,766000
Tech Event 103 2024,Cybersecurity,Delhi,India,2024,Delhi Tech Park,2686,3,1499,3499,6499,Cisco|Polygon|IBM|Meta,Martin Kleppmann|Sam Altman|Sundar Pichai,LinkedIn Tech|Crypto India|Kaggle India,9398314
Tech Event 104 2024,ClimateTech,Chennai,India,2024,Chennai Expo Hall,1881,3,1999,2499,5499,NVIDIA|Google|Polygon|IBM,Kelsey Hightower|Martin Kleppmann|Lex Fridman,Startup India|AI India|Kaggle India,4700619
Tech Event 105 2024,DevOps / Cloud,Pune,India,2024,Pune Expo Hall,426,2,0,1500,6500,Cisco|Intel|Meta|Microsoft,Nandan Nilekani|Martin Kleppmann|Lex Fridman,Kaggle India|Startup India|AI India,639000
Tech Event 106 2024,Healthtech,Pune,India,2024,Pune Convention Centre,1951,1,2999,4999,7999,Polygon|Intel|Oracle|IBM,Kelsey Hightower|Lex Fridman|Fei-Fei Li,Discord Devs|Kaggle India|Crypto India,9753049
Tech Event 107 2024,Fintech,Kolkata,India,2024,Kolkata Expo Hall,695,1,1999,2999,7999,Intel|IBM|AWS|NVIDIA,Sam Altman|Martin Kleppmann|Sundar Pichai,LinkedIn Tech|Discord Devs|AI India,2084305
Tech Event 108 2024,ClimateTech,Chennai,India,2024,Chennai Tech Park,1420,3,0,1500,6500,AWS|Oracle|Databricks|Intel,Nandan Nilekani|Kelsey Hightower|Sundar Pichai,AI India|Crypto India|Kaggle India,2130000
Tech Event 109 2024,Cybersecurity,Ahmedabad,India,2024,Ahmedabad Auditorium,4997,1,1999,3999,8999,NVIDIA|IBM|Cisco|Google,Andrew Ng|Fei-Fei Li|Sam Altman,Startup India|Crypto India|AI India,19983003
Tech Event 110 2024,AR/VR,Hyderabad,India,2024,Hyderabad Convention Centre,4288,2,2999,4999,9999,NVIDIA|IBM|Databricks|Intel,Martin Kleppmann|Sam Altman|Sundar Pichai,Discord Devs|Startup India|LinkedIn Tech,21435712
Tech Event 111 2024,Edtech,Hyderabad,India,2024,Hyderabad Expo Hall,2826,3,0,1500,4500,IBM|AWS|Databricks|Meta,Sundar Pichai|Lex Fridman|Kelsey Hightower,DevOps India|AI India|Kaggle India,4239000
Tech Event 112 2024,Healthtech,Mumbai,India,2024,Mumbai Tech Park,1086,3,999,2499,5499,Intel|AWS|Snowflake|Oracle,Sam Altman|Kelsey Hightower|Fei-Fei Li,LinkedIn Tech|Startup India|AI India,2713914
Tech Event 113 2024,AI/ML,Bangalore,India,2024,Bangalore Auditorium,3946,2,1499,1999,4999,Google|Databricks|IBM|AWS,Andrew Ng|Sundar Pichai|Sam Altman,Crypto India|Startup India|Kaggle India,7888054
Tech Event 114 2024,Gaming,Pune,India,2024,Pune Expo Hall,3002,2,1499,2499,10499,IBM|Databricks|NVIDIA|Intel,Fei-Fei Li|Lex Fridman|Andrew Ng,Crypto India|Kaggle India|Discord Devs,7501998
Tech Event 115 2024,Marketing,Pune,India,2024,Pune Hotel Ballroom,1724,3,1999,2499,10499,Cisco|Polygon|Meta|Intel,Nandan Nilekani|Fei-Fei Li|Andrew Ng,AI India|DevOps India|Discord Devs,4308276
Tech Event 116 2024,Marketing,Chennai,India,2024,Chennai Hotel Ballroom,4285,1,1499,2999,5999,Snowflake|Intel|Meta|Microsoft,Fei-Fei Li|Andrew Ng|Sundar Pichai,Startup India|AI India|DevOps India,12850715
Tech Event 117 2024,AR/VR,Pune,India,2024,Pune Auditorium,1215,2,2999,3999,6999,Intel|Google|Cisco|Polygon,Sam Altman|Kelsey Hightower|Andrew Ng,Kaggle India|LinkedIn Tech|DevOps India,4858785
Tech Event 118 2024,Marketing,Chennai,India,2024,Chennai Auditorium,2993,2,1499,2499,7499,Databricks|Snowflake|Intel|AWS,Sam Altman|Kelsey Hightower|Fei-Fei Li,Discord Devs|LinkedIn Tech|Startup India,7479507
Tech Event 119 2024,Fintech,Mumbai,India,2024,Mumbai Hotel Ballroom,2611,2,1999,2999,5999,Google|Oracle|Microsoft|Databricks,Lex Fridman|Sam Altman|Sundar Pichai,Kaggle India|Crypto India|Discord Devs,7830389
Tech Event 120 2024,Web3 / Blockchain,Pune,India,2024,Pune Convention Centre,4407,3,2499,4499,7499,Snowflake|Microsoft|Polygon|Google,Sam Altman|Lex Fridman|Martin Kleppmann,Startup India|DevOps India|LinkedIn Tech,19827093
Tech Event 121 2024,Marketing,Ahmedabad,India,2024,Ahmedabad Tech Park,744,2,2999,3499,8499,Microsoft|Oracle|Google|AWS,Nandan Nilekani|Sam Altman|Kelsey Hightower,Kaggle India|AI India|LinkedIn Tech,2603256
Tech Event 122 2024,Gaming,Chennai,India,2024,Chennai Auditorium,3191,3,1499,2499,7499,Snowflake|Cisco|AWS|Oracle,Kelsey Hightower|Fei-Fei Li|Lex Fridman,LinkedIn Tech|Crypto India|Kaggle India,7974309
Tech Event 123 2024,Fintech,Chennai,India,2024,Chennai Expo Hall,4611,3,1499,1999,4999,Google|Snowflake|Databricks|Cisco,Nandan Nilekani|Sam Altman|Kelsey Hightower,AI India|Kaggle India|Discord Devs,9217389
Tech Event 124 2024,AI/ML,Chennai,India,2024,Chennai Tech Park,3937,3,1499,2999,10999,Cisco|Meta|Databricks|Microsoft,Sam Altman|Martin Kleppmann|Nandan Nilekani,Discord Devs|LinkedIn Tech|Kaggle India,11807063
Tech Event 125 2024,Edtech,Ahmedabad,India,2024,Ahmedabad Hotel Ballroom,2011,1,999,2499,7499,Intel|Databricks|NVIDIA|Microsoft,Kelsey Hightower|Sundar Pichai|Lex Fridman,LinkedIn Tech|Startup India|Discord Devs,5025489
Tech Event 126 2024,Cybersecurity,Ahmedabad,India,2024,Ahmedabad Tech Park,2350,2,999,1999,4999,Polygon|IBM|Microsoft|AWS,Martin Kleppmann|Sundar Pichai|Andrew Ng,Kaggle India|DevOps India|Discord Devs,4697650
Tech Event 127 2024,AR/VR,Chennai,India,2024,Chennai Hotel Ballroom,2063,3,2999,4999,9999,Microsoft|AWS|Intel|Polygon,Kelsey Hightower|Sundar Pichai|Nandan Nilekani,Kaggle India|Startup India|AI India,10312937
Tech Event 128 2024,Web3 / Blockchain,Hyderabad,India,2024,Hyderabad Convention Centre,2666,2,999,2999,5999,Intel|Cisco|Oracle|Microsoft,Lex Fridman|Kelsey Hightower|Sundar Pichai,Startup India|Crypto India|DevOps India,7995334
Tech Event 129 2024,AI/ML,Delhi,India,2024,Delhi Expo Hall,2774,1,2499,3499,11499,NVIDIA|Intel|Microsoft|AWS,Sundar Pichai|Kelsey Hightower|Fei-Fei Li,DevOps India|LinkedIn Tech|Crypto India,9706226
Tech Event 130 2024,DevOps / Cloud,Pune,India,2024,Pune Hotel Ballroom,1915,1,2499,2999,7999,Databricks|Microsoft|Meta|IBM,Kelsey Hightower|Andrew Ng|Sam Altman,AI India|LinkedIn Tech|Discord Devs,5743085
Tech Event 131 2024,ClimateTech,Ahmedabad,India,2024,Ahmedabad Hotel Ballroom,3586,3,999,1499,9499,Intel|Google|AWS|Polygon,Sundar Pichai|Lex Fridman|Fei-Fei Li,Discord Devs|LinkedIn Tech|Kaggle India,5375414
Tech Event 132 2024,DevOps / Cloud,Pune,India,2024,Pune Expo Hall,4980,3,2499,3499,8499,NVIDIA|Meta|IBM|Google,Fei-Fei Li|Martin Kleppmann|Nandan Nilekani,DevOps India|Crypto India|Kaggle India,17425020
Tech Event 133 2024,Robotics,Hyderabad,India,2024,Hyderabad Convention Centre,1696,2,0,1500,4500,Snowflake|Meta|Cisco|AWS,Kelsey Hightower|Sam Altman|Sundar Pichai,Crypto India|DevOps India|Kaggle India,2544000
Tech Event 134 2024,Cybersecurity,Hyderabad,India,2024,Hyderabad Tech Park,2447,2,1999,2499,7499,Snowflake|Databricks|Intel|NVIDIA,Andrew Ng|Sam Altman|Nandan Nilekani,LinkedIn Tech|Kaggle India|Startup India,6115053
Tech Event 135 2024,AR/VR,Kolkata,India,2024,Kolkata Convention Centre,771,2,2999,3499,6499,NVIDIA|Databricks|Oracle|IBM,Sundar Pichai|Martin Kleppmann|Andrew Ng,AI India|Discord Devs|DevOps India,2697729
Tech Event 136 2024,Cybersecurity,Pune,India,2024,Pune Auditorium,4092,2,999,1499,6499,Snowflake|Cisco|Microsoft|NVIDIA,Nandan Nilekani|Fei-Fei Li|Martin Kleppmann,LinkedIn Tech|AI India|DevOps India,6133908
Tech Event 137 2024,Web3 / Blockchain,Mumbai,India,2024,Mumbai Hotel Ballroom,4199,3,1499,1999,9999,Meta|IBM|Databricks|AWS,Nandan Nilekani|Kelsey Hightower|Fei-Fei Li,LinkedIn Tech|Startup India|DevOps India,8393801
Tech Event 138 2024,AR/VR,Bangalore,India,2024,Bangalore Hotel Ballroom,2352,1,1499,2499,10499,NVIDIA|Polygon|Databricks|AWS,Sundar Pichai|Lex Fridman|Kelsey Hightower,Kaggle India|Crypto India|AI India,5877648
Tech Event 139 2024,Gaming,Bangalore,India,2024,Bangalore Convention Centre,4668,1,1499,2499,5499,NVIDIA|Snowflake|Google|Databricks,Fei-Fei Li|Lex Fridman|Andrew Ng,DevOps India|LinkedIn Tech|Discord Devs,11665332
Tech Event 140 2024,Startup,Ahmedabad,India,2024,Ahmedabad Hotel Ballroom,1739,3,2499,2999,7999,Microsoft|IBM|Databricks|Intel,Nandan Nilekani|Martin Kleppmann|Sundar Pichai,Kaggle India|Discord Devs|DevOps India,5215261
Tech Event 141 2024,Cybersecurity,Chennai,India,2024,Chennai Tech Park,1748,1,2999,4999,12999,Polygon|Snowflake|Google|Cisco,Fei-Fei Li|Kelsey Hightower|Andrew Ng,AI India|Kaggle India|LinkedIn Tech,8738252
Tech Event 142 2024,Robotics,Kolkata,India,2024,Kolkata Auditorium,1099,2,2999,3499,11499,Cisco|Intel|Polygon|Databricks,Andrew Ng|Lex Fridman|Sundar Pichai,Crypto India|AI India|DevOps India,3845401
Tech Event 143 2024,Startup,Delhi,India,2024,Delhi Tech Park,857,1,0,1000,9000,Snowflake|Microsoft|Intel|AWS,Nandan Nilekani|Sundar Pichai|Andrew Ng,AI India|Discord Devs|Kaggle India,857000
Tech Event 144 2024,ClimateTech,Hyderabad,India,2024,Hyderabad Tech Park,434,3,1499,2999,7999,Meta|Snowflake|NVIDIA|Polygon,Sundar Pichai|Fei-Fei Li|Martin Kleppmann,Kaggle India|AI India|DevOps India,1301566
Tech Event 145 2024,Cybersecurity,Delhi,India,2024,Delhi Expo Hall,3765,1,999,1499,9499,Google|AWS|NVIDIA|Oracle,Lex Fridman|Sam Altman|Martin Kleppmann,Kaggle India|Startup India|Discord Devs,5643735
Tech Event 146 2024,Healthtech,Mumbai,India,2024,Mumbai Tech Park,3364,2,0,1500,9500,IBM|Google|Polygon|NVIDIA,Fei-Fei Li|Nandan Nilekani|Lex Fridman,DevOps India|LinkedIn Tech|AI India,5046000
Tech Event 147 2024,AI/ML,Bangalore,India,2024,Bangalore Expo Hall,980,2,1499,3499,6499,Cisco|Databricks|AWS|Oracle,Andrew Ng|Sam Altman|Martin Kleppmann,Discord Devs|Crypto India|LinkedIn Tech,3429020
Tech Event 148 2024,AI/ML,Chennai,India,2024,Chennai Expo Hall,4761,2,0,1500,4500,Google|Polygon|IBM|Cisco,Sundar Pichai|Nandan Nilekani|Fei-Fei Li,Discord Devs|DevOps India|Kaggle India,7141500
Tech Event 149 2024,DevOps / Cloud,Ahmedabad,India,2024,Ahmedabad Convention Centre,4710,2,1499,2999,7999,Meta|Intel|Cisco|Databricks,Martin Kleppmann|Nandan Nilekani|Kelsey Hightower,Kaggle India|LinkedIn Tech|Discord Devs,14125290
Tech Event 150 2024,Marketing,Kolkata,India,2024,Kolkata Expo Hall,1241,3,1999,2499,5499,Databricks|IBM|Polygon|AWS,Nandan Nilekani|Sundar Pichai|Sam Altman,Startup India|LinkedIn Tech|Discord Devs,3101259
Tech Event 151 2024,Startup,Bangalore,India,2024,Bangalore Auditorium,3698,1,0,1500,9500,IBM|Microsoft|Databricks|Intel,Sam Altman|Lex Fridman|Fei-Fei Li,LinkedIn Tech|Crypto India|Discord Devs,5547000
Tech Event 152 2024,Marketing,Chennai,India,2024,Chennai Tech Park,1910,2,2999,3999,11999,Google|Microsoft|Databricks|NVIDIA,Kelsey Hightower|Fei-Fei Li|Nandan Nilekani,DevOps India|Kaggle India|Crypto India,7638090
Tech Event 153 2024,ClimateTech,Pune,India,2024,Pune Expo Hall,1067,2,1499,2999,10999,IBM|Snowflake|Polygon|Cisco,Sundar Pichai|Kelsey Hightower|Martin Kleppmann,AI India|Discord Devs|DevOps India,3199933
Tech Event 154 2024,Marketing,Chennai,India,2024,Chennai Hotel Ballroom,446,2,1999,2499,5499,IBM|Microsoft|Oracle|NVIDIA,Lex Fridman|Sundar Pichai|Martin Kleppmann,Discord Devs|AI India|DevOps India,1114554
Tech Event 155 2024,AI/ML,Pune,India,2024,Pune Expo Hall,2606,3,0,2000,5000,Databricks|Cisco|Intel|AWS,Sam Altman|Fei-Fei Li|Martin Kleppmann,LinkedIn Tech|AI India|Startup India,5212000
Tech Event 156 2024,Fintech,Hyderabad,India,2024,Hyderabad Convention Centre,3998,1,2999,3499,8499,Snowflake|IBM|Cisco|Google,Fei-Fei Li|Martin Kleppmann|Andrew Ng,LinkedIn Tech|DevOps India|Crypto India,13989002
Tech Event 157 2024,Healthtech,Mumbai,India,2024,Mumbai Hotel Ballroom,4857,2,2499,4499,7499,NVIDIA|Cisco|IBM|Microsoft,Martin Kleppmann|Lex Fridman|Fei-Fei Li,LinkedIn Tech|AI India|Kaggle India,21851643
Tech Event 158 2024,Startup,Hyderabad,India,2024,Hyderabad Hotel Ballroom,3699,2,2999,3999,8999,Google|IBM|Snowflake|Meta,Andrew Ng|Sundar Pichai|Nandan Nilekani,LinkedIn Tech|Startup India|Kaggle India,14792301
Tech Event 159 2024,DevOps / Cloud,Delhi,India,2024,Delhi Hotel Ballroom,4168,1,2999,4499,12499,AWS|Meta|Polygon|Oracle,Martin Kleppmann|Kelsey Hightower|Sam Altman,Discord Devs|Crypto India|LinkedIn Tech,18751832
Tech Event 160 2024,DevOps / Cloud,Hyderabad,India,2024,Hyderabad Expo Hall,1909,2,2999,4999,12999,Polygon|Databricks|Meta|Microsoft,Andrew Ng|Lex Fridman|Sundar Pichai,Kaggle India|AI India|Discord Devs,9543091
Tech Event 161 2024,AR/VR,Delhi,India,2024,Delhi Convention Centre,1486,3,1999,3499,11499,Cisco|Google|AWS|Databricks,Fei-Fei Li|Sundar Pichai|Andrew Ng,Kaggle India|LinkedIn Tech|Startup India,5199514
Tech Event 162 2024,Web3 / Blockchain,Bangalore,India,2024,Bangalore Convention Centre,770,1,1499,2999,7999,Meta|IBM|Snowflake|Microsoft,Nandan Nilekani|Martin Kleppmann|Sundar Pichai,Kaggle India|LinkedIn Tech|Startup India,2309230
Tech Event 163 2024,ClimateTech,Chennai,India,2024,Chennai Expo Hall,3054,2,1499,2499,10499,Oracle|Polygon|Google|Microsoft,Sundar Pichai|Martin Kleppmann|Kelsey Hightower,DevOps India|Discord Devs|LinkedIn Tech,7631946
Tech Event 164 2024,Edtech,Bangalore,India,2024,Bangalore Auditorium,2028,2,0,2000,10000,Google|NVIDIA|Microsoft|Snowflake,Kelsey Hightower|Andrew Ng|Sam Altman,DevOps India|Kaggle India|AI India,4056000
Tech Event 165 2024,Fintech,Hyderabad,India,2024,Hyderabad Tech Park,4204,3,0,500,3500,Intel|Databricks|Oracle|Polygon,Lex Fridman|Fei-Fei Li|Sundar Pichai,Crypto India|Startup India|DevOps India,2102000
Tech Event 166 2024,Marketing,Kolkata,India,2024,Kolkata Expo Hall,4614,2,999,2499,10499,Meta|Intel|Oracle|Cisco,Martin Kleppmann|Lex Fridman|Fei-Fei Li,Startup India|DevOps India|AI India,11530386
Tech Event 167 2024,Web3 / Blockchain,Chennai,India,2024,Chennai Convention Centre,3138,1,1499,2499,7499,Databricks|Snowflake|NVIDIA|IBM,Nandan Nilekani|Sam Altman|Kelsey Hightower,Discord Devs|Crypto India|AI India,7841862
Tech Event 168 2024,AR/VR,Delhi,India,2024,Delhi Auditorium,3576,3,1999,3999,6999,IBM|Snowflake|NVIDIA|Cisco,Nandan Nilekani|Sam Altman|Sundar Pichai,LinkedIn Tech|DevOps India|Kaggle India,14300424
Tech Event 169 2024,Healthtech,Bangalore,India,2024,Bangalore Expo Hall,4530,1,1499,2499,7499,Cisco|Microsoft|NVIDIA|Google,Andrew Ng|Sundar Pichai|Nandan Nilekani,AI India|Kaggle India|Startup India,11320470
Tech Event 170 2024,AI/ML,Kolkata,India,2024,Kolkata Hotel Ballroom,4353,2,1499,3499,11499,Snowflake|NVIDIA|IBM|Databricks,Andrew Ng|Nandan Nilekani|Kelsey Hightower,Startup India|Discord Devs|Kaggle India,15231147
Tech Event 171 2024,DevOps / Cloud,Mumbai,India,2024,Mumbai Convention Centre,4274,1,1499,2499,7499,NVIDIA|Oracle|Snowflake|Microsoft,Nandan Nilekani|Martin Kleppmann|Kelsey Hightower,Startup India|Crypto India|AI India,10680726
Tech Event 172 2024,Edtech,Bangalore,India,2024,Bangalore Hotel Ballroom,805,3,2999,3999,11999,Oracle|IBM|NVIDIA|Cisco,Lex Fridman|Nandan Nilekani|Sam Altman,DevOps India|Crypto India|Kaggle India,3219195
Tech Event 173 2024,Startup,Chennai,India,2024,Chennai Expo Hall,339,3,999,1499,9499,Meta|AWS|Polygon|Intel,Sundar Pichai|Andrew Ng|Nandan Nilekani,Crypto India|Startup India|Kaggle India,508161
Tech Event 174 2024,AI/ML,Hyderabad,India,2024,Hyderabad Tech Park,4036,2,1499,3499,6499,Meta|Intel|Oracle|Microsoft,Fei-Fei Li|Lex Fridman|Sundar Pichai,Discord Devs|DevOps India|Kaggle India,14121964
Tech Event 175 2024,Healthtech,Pune,India,2024,Pune Convention Centre,3496,1,999,1999,4999,Google|NVIDIA|Snowflake|Microsoft,Nandan Nilekani|Lex Fridman|Fei-Fei Li,Kaggle India|LinkedIn Tech|AI India,6988504
Tech Event 176 2024,Marketing,Kolkata,India,2024,Kolkata Convention Centre,1454,3,999,2999,7999,Databricks|Snowflake|Microsoft|Google,Lex Fridman|Sam Altman|Andrew Ng,DevOps India|Startup India|LinkedIn Tech,4360546
Tech Event 177 2024,Cybersecurity,Ahmedabad,India,2024,Ahmedabad Hotel Ballroom,3292,1,1499,1999,4999,NVIDIA|Meta|Intel|Snowflake,Nandan Nilekani|Kelsey Hightower|Sundar Pichai,LinkedIn Tech|Discord Devs|Startup India,6580708
Tech Event 178 2024,ClimateTech,Hyderabad,India,2024,Hyderabad Hotel Ballroom,3885,1,2499,3999,11999,Intel|Microsoft|IBM|Databricks,Sam Altman|Andrew Ng|Lex Fridman,AI India|Discord Devs|Kaggle India,15536115
Tech Event 179 2024,Gaming,Ahmedabad,India,2024,Ahmedabad Hotel Ballroom,2918,1,0,2000,10000,Microsoft|Polygon|Cisco|Meta,Martin Kleppmann|Andrew Ng|Nandan Nilekani,Discord Devs|Kaggle India|LinkedIn Tech,5836000
Tech Event 180 2024,Marketing,Hyderabad,India,2024,Hyderabad Hotel Ballroom,3780,2,0,1500,4500,Polygon|Meta|Oracle|Cisco,Kelsey Hightower|Andrew Ng|Lex Fridman,AI India|LinkedIn Tech|Crypto India,5670000
Tech Event 181 2024,Web3 / Blockchain,Chennai,India,2024,Chennai Expo Hall,4330,1,999,2499,5499,Databricks|Polygon|Oracle|Microsoft,Sundar Pichai|Martin Kleppmann|Fei-Fei Li,Discord Devs|Startup India|Kaggle India,10820670
Tech Event 182 2024,Fintech,Kolkata,India,2024,Kolkata Convention Centre,2480,3,2499,2999,5999,Microsoft|Google|Polygon|Meta,Kelsey Hightower|Nandan Nilekani|Sam Altman,AI India|Crypto India|DevOps India,7437520
Tech Event 183 2024,Marketing,Delhi,India,2024,Delhi Hotel Ballroom,1519,2,1499,2999,5999,Polygon|IBM|Snowflake|Meta,Fei-Fei Li|Nandan Nilekani|Andrew Ng,Crypto India|LinkedIn Tech|AI India,4555481
Tech Event 184 2024,Startup,Delhi,India,2024,Delhi Tech Park,4817,2,999,1999,6999,NVIDIA|AWS|Polygon|Snowflake,Sam Altman|Sundar Pichai|Lex Fridman,DevOps India|Kaggle India|Discord Devs,9629183
Tech Event 185 2024,DevOps / Cloud,Ahmedabad,India,2024,Ahmedabad Hotel Ballroom,3277,2,0,500,8500,IBM|Polygon|Databricks|Microsoft,Nandan Nilekani|Fei-Fei Li|Martin Kleppmann,LinkedIn Tech|AI India|Crypto India,1638500
Tech Event 186 2024,Robotics,Ahmedabad,India,2024,Ahmedabad Auditorium,1755,3,1499,1999,6999,Google|Intel|Databricks|Meta,Sundar Pichai|Sam Altman|Kelsey Hightower,Kaggle India|Crypto India|Discord Devs,3508245
Tech Event 187 2024,Edtech,Mumbai,India,2024,Mumbai Convention Centre,4442,1,0,2000,5000,Cisco|Polygon|NVIDIA|Snowflake,Kelsey Hightower|Sam Altman|Andrew Ng,AI India|Crypto India|Discord Devs,8884000
Tech Event 188 2024,Fintech,Bangalore,India,2024,Bangalore Convention Centre,338,3,999,1999,6999,Snowflake|Meta|Intel|AWS,Sam Altman|Sundar Pichai|Fei-Fei Li,AI India|Crypto India|Kaggle India,675662
Tech Event 189 2024,Marketing,Mumbai,India,2024,Mumbai Hotel Ballroom,4282,3,1499,2499,10499,Databricks|Snowflake|NVIDIA|Intel,Nandan Nilekani|Martin Kleppmann|Andrew Ng,Startup India|DevOps India|Discord Devs,10700718
Tech Event 190 2024,DevOps / Cloud,Delhi,India,2024,Delhi Auditorium,4350,2,1499,3499,8499,AWS|Databricks|IBM|Intel,Lex Fridman|Nandan Nilekani|Martin Kleppmann,Startup India|DevOps India|LinkedIn Tech,15220650
Tech Event 191 2024,Web3 / Blockchain,Hyderabad,India,2024,Hyderabad Expo Hall,1678,1,2499,4499,9499,AWS|Meta|Cisco|Intel,Martin Kleppmann|Sam Altman|Lex Fridman,LinkedIn Tech|AI India|Discord Devs,7549322
Tech Event 192 2024,Gaming,Pune,India,2024,Pune Auditorium,3584,2,2499,3499,11499,NVIDIA|AWS|Oracle|Intel,Fei-Fei Li|Andrew Ng|Kelsey Hightower,Startup India|LinkedIn Tech|Discord Devs,12540416
Tech Event 193 2024,DevOps / Cloud,Kolkata,India,2024,Kolkata Tech Park,2397,2,0,500,5500,AWS|Oracle|Microsoft|IBM,Andrew Ng|Kelsey Hightower|Martin Kleppmann,Crypto India|AI India|LinkedIn Tech,1198500
Tech Event 194 2024,Gaming,Pune,India,2024,Pune Hotel Ballroom,3348,2,0,2000,10000,AWS|Oracle|Microsoft|Meta,Lex Fridman|Martin Kleppmann|Kelsey Hightower,AI India|Startup India|DevOps India,6696000
Tech Event 195 2024,AR/VR,Chennai,India,2024,Chennai Auditorium,2999,2,2499,3499,6499,Oracle|Meta|Cisco|Snowflake,Sundar Pichai|Fei-Fei Li|Kelsey Hightower,Crypto India|LinkedIn Tech|AI India,10493501
Tech Event 196 2024,Startup,Ahmedabad,India,2024,Ahmedabad Tech Park,1584,1,0,500,8500,Meta|Intel|IBM|Snowflake,Sam Altman|Lex Fridman|Sundar Pichai,Startup India|AI India|Crypto India,792000
Tech Event 197 2024,Fintech,Mumbai,India,2024,Mumbai Auditorium,4771,2,0,2000,10000,Snowflake|Polygon|NVIDIA|Meta,Kelsey Hightower|Sundar Pichai|Nandan Nilekani,Discord Devs|LinkedIn Tech|Startup India,9542000
